{"cameraMode":{"drawMode":0,"name":"Shaded","section":"Shading Mode"},"sceneLighting":false,"audioPlay":false,"sceneViewState":{"m_AlwaysRefresh":false,"showFog":true,"showSkybox":false,"showFlares":true,"showImageEffects":true,"showParticleSystems":true,"showVisualEffectGraphs":true,"m_FxEnabled":true},"in2DMode":false,"pivot":{"x":0.02886873483657837,"y":1.2491520643234254,"z":0.016233205795288087},"rotation":{"x":-0.00164421193767339,"y":0.9985433220863342,"z":-0.03626537322998047,"w":-0.04165346547961235},"size":3.5379531383514406,"orthographic":false}