{"cameraMode":{"drawMode":0,"name":"Shaded","section":"Shading Mode"},"sceneLighting":false,"audioPlay":false,"sceneViewState":{"m_AlwaysRefresh":false,"showFog":true,"showSkybox":false,"showFlares":true,"showImageEffects":true,"showParticleSystems":true,"showVisualEffectGraphs":true,"m_FxEnabled":true},"in2DMode":false,"pivot":{"x":-0.009358882904052735,"y":0.7639422416687012,"z":0.10140006989240647},"rotation":{"x":0.016761401668190957,"y":0.6877928972244263,"z":-0.015895705670118333,"w":0.725561797618866},"size":3.5660252571105959,"orthographic":false}