{"cameraMode":{"drawMode":0,"name":"Shaded","section":"Shading Mode"},"sceneLighting":false,"audioPlay":false,"sceneViewState":{"m_AlwaysRefresh":false,"showFog":true,"showSkybox":false,"showFlares":true,"showImageEffects":true,"showParticleSystems":true,"showVisualEffectGraphs":true,"m_FxEnabled":true},"in2DMode":false,"pivot":{"x":0.5043836832046509,"y":1.5669167041778565,"z":-1.3102561235427857},"rotation":{"x":-0.15254446864128114,"y":0.14533859491348267,"z":-0.02254433184862137,"w":-0.9773619771003723},"size":5.034578323364258,"orthographic":false}