{"cameraMode":{"drawMode":0,"name":"Shaded","section":"Shading Mode"},"sceneLighting":false,"audioPlay":false,"sceneViewState":{"m_AlwaysRefresh":false,"showFog":true,"showSkybox":false,"showFlares":true,"showImageEffects":true,"showParticleSystems":true,"showVisualEffectGraphs":true,"m_FxEnabled":true},"in2DMode":false,"pivot":{"x":1.0460423231124879,"y":-0.7214465141296387,"z":1.4840338230133057},"rotation":{"x":-0.09621642529964447,"y":-0.8940404653549194,"z":0.23195500671863557,"w":-0.37128034234046938},"size":2.113725423812866,"orthographic":false}